Ticker,2016,2017,2018,2019,2020,2021,2022,2023,2024,2025
META,12.849444598583304,52.08134724508333,-25.03376891784382,58.46962993638408,31.49695838139184,25.32205810011684,-64.42802652249941,188.19411786937508,68.93386314152683,24.609587340310238
NFLX,13.577984451153958,53.61716398869585,30.5864245802666,24.69530973494033,60.86783717782127,13.560301828472868,-51.3085959585637,63.349664118245116,86.35112235894644,47.752093257084034
TMUS,47.99280733291005,9.31151274538326,-1.0328678942833658,24.19279030334705,68.96556002008676,-13.246456674128252,20.939869383618916,15.848837983243582,39.659004472851386,6.628622620373979
DIS,2.585429970683064,3.6857396936893663,0.04727069975711173,34.62260970391958,24.695431298316315,-14.44638756674704,-44.246940700266975,1.8029520162832393,24.08923766583966,9.992574426405852
VZ,22.153084175552898,2.8578592498376527,8.904466043376098,13.60543621578244,-1.1356706075017284,-7.36400164943623,-20.190583871331896,1.7576416469097293,11.950099417370689,9.296401259207036
SPOT,,,-32.39300314134238,34.166212292029655,111.49007026722887,-25.04568454908987,-66.43995878927007,129.49439419316215,140.24993417339843,71.46788552758439
CMCSA,27.32100674357085,16.411504355961423,-14.503406477145797,36.92033052366249,15.427876914376506,-1.4910168589436195,-28.17857789135833,28.1901870237399,-12.169225200371729,-4.920744146867782
CHTR,59.45946905227505,15.752481656226369,-15.763971059924756,72.59636331758735,34.07397987822146,-1.4041683808072052,-47.242317214544435,13.629186531582564,-11.286320979068037,15.679997365743608
BIDU,-9.311043217582057,40.83584029819509,-31.426278319557582,-19.138169523610774,69.61154959129803,-31.38808966365251,-23.18850685615669,0.1935013682971764,-28.094786987225252,3.5589745697239716
IPG,4.9745385932677495,-11.926355465891227,9.60905933349425,18.46239539274424,6.154374478810073,66.45491071549444,-8.38499227347763,-0.35931970108541766,-11.198693116192082,-11.429147561466968
0700.HK,25.704927247455412,116.50011775122123,-23.84270820350045,22.0128078220472,49.33380625364947,-20.302580090149565,-24.788828128628083,-6.789354305573228,40.87312735002151,24.095478631404983
0941.HK,-2.9061614164418375,0.37247215643549686,-2.618327181591702,-7.591393061939993,-29.20188565418476,17.009906963247836,20.51118248298666,35.3568213717617,25.844632639921056,15.965617342329777
T,33.27131251321531,-2.827500013850861,-21.362605046332135,48.53723829825853,-20.56635801930618,-7.244262469370462,5.69509280638685,-3.2565789006070482,42.577996825794706,25.879266945575495
DTE.DE,3.463476609259512,-5.73680582580275,4.889144915226713,3.5124024361976445,2.445527372234987,11.836988965657238,18.073596376492283,19.71051987579458,37.04361599717193,10.720818187287428
0728.HK,2.0362836665830626,6.192364253788073,9.840324870262526,-15.858455331336764,-29.377563854393173,26.316619588328354,33.414854905711195,29.23365977119049,38.74889715854259,15.226332320757555
BHARTIARTL.NS,-9.735401263408406,75.18549545379139,-39.10260370492683,58.739222444344975,13.584804127296179,35.110729953710816,17.720692580827084,28.61287565715361,54.63381053748556,27.250469277208882
ORA.PA,-0.761101630207927,5.070981387777426,1.6593217525397372,-1.9714192724782285,-21.75973875652096,1.0061452826149209,5.219151236422507,18.204179821165337,-0.5109105351199583,36.93138362600011
9432.T,5.461735299246374,10.54635564634823,-12.737901588742842,27.72864898900236,-0.15151251169839464,22.325420728119035,22.598244615016444,17.831344553269197,-4.134739171679473,-3.417039469627805
VOD.L,-8.921529554535661,16.873918378821777,-34.26323162844957,-1.9268810428227714,-16.28606409188535,-8.1862759442354,-25.714288248006557,-19.303206472531855,-2.0402315373844826,13.562219577548895
9984.T,29.26546373046206,14.224714701876351,-17.720833497880196,36.74816417412127,73.53990982807343,-32.53177848865768,2.135454932942956,14.158841072447393,52.81823972012399,8.696853365394139
RELX,4.538038427241365,35.26467784766707,-10.437449154994951,25.828379165694095,1.315517561326851,31.040153281023386,-12.08792008815417,45.721413971016794,18.39185964473975,19.267483057807926
PRX.AS,,,,-11.552627175974818,31.424412612589354,-19.75228889463254,-11.92194170939439,-9.41443613446092,39.001926677437865,23.951549468645155
ABNB,,,,,1.6643785450556507,11.782232359040638,-48.27492240307862,55.79332386741888,-1.9489661979722142,2.0095618816990797
6758.T,11.096628943370318,54.225103945887554,5.017247281445027,44.822731906328876,40.72477619632063,38.516734911629925,-31.55428750055763,33.40275127206789,26.814371921096054,13.191510868226944
TRI,21.551528950248205,2.5871250012499973,11.742232917495256,52.658400405392804,16.952995518636467,47.08236116394451,-2.5954394798970712,35.6745276953362,12.769261726158254,24.285902089380784
FOXA,,,,-1.120708463253528,-21.027079609095953,29.893742076588353,-17.018898771259884,-0.6651848635355688,67.1980765196462,16.814858110981127
PARA,39.00125753852418,-8.74048473040558,-24.359082958060547,-3.803517390698583,-8.99383362342848,-14.680450515012545,-42.63931496600607,-13.056325070951392,-28.302955781545723,20.237529557512797
AMT,11.986797351881732,36.36004997285306,13.392295788935456,48.25415249147558,-2.249382158547714,31.32635215603708,-25.63514762764693,4.317329887815974,-12.279978538996486,20.212903812833705
BT-A.L,-21.447904186941948,-26.826492546300962,-13.867781958372255,-18.37244513150769,-29.838204501400206,24.46134948667007,-33.08869934792602,9.208547627233918,15.719103071139068,34.372827301282825
TEF,-7.430676578982297,10.0518377143854,-9.472728916673264,-10.22368181773936,-40.194221921339846,13.075968177302041,-10.977356281362075,16.459691530772727,10.24622150985024,28.148143525858583
AMZN,14.258943488840664,54.299924634160604,26.11092645198383,26.050361708896848,75.24532877604166,3.1464836283925846,-49.86571264098898,77.79078407340216,46.034058899492265,0.5719967028974999
TSLA,-7.381239553815833,44.908305388559356,7.009616522041339,35.478598829737926,718.3510397746228,48.769905713895234,-67.80309378437714,109.7408568981395,66.91058885392083,-17.03922075896222
HD,5.244490012917451,43.520977318867224,-8.487130398345698,31.535422197861095,23.93566162786489,57.32639096544712,-22.268406941136053,12.215185762649918,15.908476342554609,-4.780014967399379
BABA,12.317724677245783,93.74156742787665,-21.15034621685938,58.73406525074325,10.060012883551204,-45.699781230236354,-26.2104222476481,-13.78339941860924,13.028836842093353,35.18189673674548
TM,-0.23914931738268635,11.177268593711926,-5.791367793041914,24.254680052642573,12.106261571302934,21.420672068072715,-25.04140810335418,36.844058754388165,10.210007132082795,-9.598759768097796
MCD,7.012285605940321,44.88366374753192,3.6125313348417993,14.9662502989662,9.514268564124352,27.43157401621243,-0.021445070346027474,15.061979134164558,0.5314500606423699,1.3563920698273138
BKNG,16.724516593423207,17.660510158927735,-1.957617321472643,21.44095774458748,6.616729617837811,6.485339217501861,-16.827082282993455,73.98312965810739,43.04321487844518,14.506484309391887
DASH,,,,,-22.967034643822974,6.93333675986842,-67.36849174810689,97.85914424845082,73.41513375389134,43.56005218308992
RCL,-15.760506873255808,47.00241152127611,-18.245397780716367,41.78978543191189,-44.64358693076621,3.409072362505219,-36.27691340099705,156.2129203705629,83.74576268161417,34.519507097968855
CCL,-1.1679416654382724,30.3385047502669,-25.31974266502854,8.562664304281238,-57.07045918177255,-5.391705231145156,-60.797662310409684,125.00001736057662,36.81048589681796,8.475929722435605
NKE,-15.828671469878156,21.917517740311602,18.008777997159463,39.94717559268061,41.011490715625214,18.130513488346864,-29.405374844817683,-7.234605583266738,-29.439143252769423,-4.412069146708664
EBAY,9.516802692222171,26.516926576980556,-26.015167846220965,31.43116007469243,40.831525218299475,33.76282749674956,-36.41717215185042,6.091104041727857,46.24362406772748,20.14053249160635
SBUX,-4.116360975663477,4.625593147726928,11.923239987380295,39.889903126755954,22.736686094200135,9.75434648286399,-12.803620092482602,-2.5215036128506276,-2.62690287493054,1.869886033194805
F,-6.444942319974767,8.108877076613599,-33.135498361369635,30.99760381316219,-3.0066823800473155,133.51960739704617,-43.53941811893654,13.958977319017695,-12.19680042629202,14.184455912392249
GM,9.255387545500023,22.021182555336797,-14.385049836533732,15.59331337817999,14.460578762529721,38.56972794784042,-43.55806344165323,6.7164063680657655,52.125716451505724,-6.291734253003578
YUM,26.43341440686646,30.619383149500056,13.469142396418073,12.329166401897792,10.621590615827538,29.06786571852104,-5.66419538592748,3.658669260053773,4.969659478123716,11.473552653833226
CMG,-19.496475403106473,-23.760913289494653,45.81987225878047,95.4210791167651,63.59750827796148,26.00023080530005,-20.259194434575804,63.319287812406145,31.865961137285236,-9.442345109425144
MAR,27.481291343634563,64.90065991078168,-20.12593367132349,44.346256470604686,-13.535882678092264,25.3592904106985,-9.246438359084227,52.07685525101219,25.543736224592873,-2.2662616628888625
HLT,29.913140689294348,42.51163666524561,-10.940356104611931,58.576969147532054,-0.7205812356759994,39.659349714839784,-18.697068405424403,43.08296729556353,37.281652523736106,6.940149924265157
TPR,12.111838131550407,31.156413264972066,-21.501595369618716,-15.830295462572092,17.426622381865613,28.990216912187034,-4.283262788091249,-3.1432850051863483,84.17548824563515,33.91490781812487
EXPE,-5.7431221435112905,5.953354301704662,-5.11043389353171,-1.259328611636581,21.806625310959426,34.851744866439006,-51.68229654376281,71.26254998417075,22.95774849091169,-8.460066297037008
W,-22.967034643822974,130.0659158706716,13.354146663929425,1.3244349635975783,151.74070182605064,-14.70848463199764,-82.79001659536024,82.16711753378857,-26.515154751559677,13.822224934895832
RL,-16.09154037066254,16.309359604284147,0.43449398756156105,17.61906266647289,-11.010733617962561,15.589812749054719,-9.201830343757784,37.45279253377112,64.34265089090867,19.815448878127345
TGT,3.839561129281038,-6.392747193458605,1.7889189707135642,104.42025387737036,37.79369873789382,33.19049143742437,-34.135266883295195,-1.9685392678378395,-2.20373611169282,-25.43622549331533
BBY,49.55098136394203,63.03317463854013,-22.825419065196186,72.56454976350585,17.78236138782629,4.566053314877566,-18.162074027890004,1.6000408366669308,14.462401335220168,-18.82450064206658
LOW,-3.16134289837676,32.19326178574416,0.5932321617996869,34.21111540813859,36.11351223118386,61.76082052608041,-21.70352517633061,12.761001080510558,14.154940011794784,-9.053697407331132
PDD,,,-16.754718996443838,73.40909784490411,365.22078080610794,-66.36492177485745,39.76007743672211,71.10278786509632,-34.396722139030175,9.990588364498468
JD,-17.025440257609834,59.61463311358736,-48.48125318221353,74.29836357911415,148.9432709966599,-19.59798261009214,-16.478704728014677,-49.41428356508674,25.86493011968073,-0.21998503873172595
1211.HK,-3.6458498237423207,65.693428203885,-27.530962973039387,-20.50687361612194,401.8248130662829,27.785128274254472,-28.10623262678027,12.807488824241457,25.584600227107817,40.81632794287469
VOW3.DE,2.7187732273780267,27.248640831857955,-14.798020644463314,31.216868007205722,-10.017684689473178,18.60930449461963,-19.846300088283964,2.478976705437988,-14.664664181577328,2.6292093684164324
WMT,17.5655159960979,46.306740274023284,-5.018387077151833,32.93118787325658,23.327348848160433,0.7946998967631816,0.013092781666152358,12.279611113073887,74.8596255046862,8.660742638698892
COST,1.3381984478149542,21.960745934879668,9.042289759229051,48.64779826434021,31.783158733516387,50.54792421548735,-18.667272092141978,48.51588479006271,41.492412852285995,7.924970453545112
PG,10.825746108641452,12.963945228145004,2.69107465821531,40.580688535236725,13.391682797053189,19.478732477437614,-3.938088210091463,-0.45703637487737775,17.005851412782068,-3.7198358383457206
KO,1.102004958683548,14.271844558843991,6.365712509582604,21.47700052799415,1.7768756334347202,11.724910999094059,11.342933224064176,-4.359339431263298,8.715132523993654,14.439047743791972
PEP,9.283383188038101,17.470048152143764,-4.924193480205759,29.06007556236117,10.764134459894949,20.88621850846445,7.719823399054052,-3.2528831491769723,-7.634183005799584,-12.579060982614273
UL,-0.5407159237356538,41.40621741743074,-2.501460903282698,13.589613031068277,10.091754151888214,-9.39258496486892,-2.345406562416226,0.34912344011394847,22.1401495081102,8.89245909528256
MO,21.83936657885221,9.251360677954889,-27.980675373807664,8.885066672537883,-11.278636831371887,23.57685367809412,4.4166691832455545,-3.73935796501606,40.12249274564897,15.98523772640094
PM,9.886078956011948,19.45677265150738,-32.89452993740778,37.28481305209792,1.5484898737852766,19.79219984183938,12.438348624748471,-2.144278133758716,34.32712716583252,51.64244118258681
KR,-15.03653371299686,-18.943245400494728,2.037810240568276,8.595091684359698,11.002085645862586,44.97895673738988,1.2180417920633322,5.223146773133447,37.18361940335966,17.074361662636164
K,5.746885206859554,-4.925351927945712,-13.018091981682769,25.892614706106837,-7.790686715251652,6.982472440071719,14.352843870123985,-12.952518988707116,49.529945896203245,-1.1239452361635114
MDLZ,2.2759331868839383,-2.4138121581168734,-5.530139238616058,41.38548626349285,7.749603616770867,14.856918370898335,3.7972805400459877,11.423795777931517,-16.13525546939091,13.756175359164258
CL,2.313428762850676,17.668130142987767,-19.034208549099834,19.070029582979803,26.00870190619683,2.055461620845905,-4.556838550293003,3.782738329297501,16.529231077191493,-1.4804160631730592
KMB,-6.666798929986309,8.999825691797911,-2.807508730167228,25.22980164707031,-0.21175862358777642,8.977910060306913,-0.8580795527643684,-7.290055377952549,11.713010544898069,-0.9321087968106092
GIS,11.900625460886697,-1.162954941381421,-32.04694209306741,41.37251653343065,12.985072774696038,18.38852228791512,28.435434508574126,-19.68765710059251,1.0266464757228213,-19.306810230738606
TSN,18.850103426699032,31.681576415531502,-34.19695387587431,73.74266596876978,-28.335002851231334,36.90424633839587,-26.662851756125633,-11.43963232037873,10.177482551232607,-2.1805115271311095
HRL,-9.671152093854852,6.473053885208281,18.36533472974781,8.681528669898459,4.934942463850175,6.2819652174624245,-4.595994224952283,-27.410541698402525,0.7260781104894425,-1.3523897542278478
BN.PA,0.8079347690056446,19.49064109635765,-10.57323497198048,24.1409243807,-24.394826505786675,4.340352926130862,-7.13715539734029,22.649236836233825,13.247626926004823,9.996809573872783
RKT.L,10.980139669215871,0.4426492735119832,-12.821919930444983,3.029664419354065,6.224188763822067,-3.8640709674328493,-8.90215300583084,-5.677369459883793,-11.269002345570161,2.280803588124156
CHD,7.090084177845942,15.170188389195596,33.47894531694778,9.396538374986942,24.656287053723492,17.92815739670298,-19.52499740099031,18.51237556275054,12.090643353918553,-9.266611619141058
STZ,9.754425878919685,49.039685606059685,-27.957422548787626,19.539670939561425,16.825833994170296,14.887472296356691,-6.532347215533542,5.7195567710754345,-7.2454091595935886,-26.284137961988108
EL,-10.754140559641105,67.00338548711791,1.8319857446176018,60.48216404390465,28.033669045216342,41.68910997153455,-31.99846050208691,-42.017952704390616,-47.4591373310852,7.122598014613277
CLX,-1.849307626444006,26.556347603008412,5.812865828989524,2.5558598941104513,34.01257844584878,-12.526717001858081,-16.828390048554823,4.988369925777956,17.560836117356686,-25.427356026826114
KDP,0.9763505599706543,9.757765716698472,63.95837906056148,16.7463121374756,12.042148776078212,16.66562604726682,-0.6325525167098788,-4.209498286148539,-1.7213453626732909,3.795796703721964
CPB,19.039170870509977,-18.47209779274518,-28.2868451949143,55.744777013737334,-0.03077183510069671,-7.5611071945189625,34.99834443306714,-21.005970434150083,-0.8753906238645217,-25.620905941534065
CAG,24.685388895379624,-2.9428556394123517,-42.48703285049194,66.25402302389054,8.277464707309433,-3.68821748122563,18.037629758622323,-22.82336488970618,0.9412976473710085,-24.582623499983068
NESN.SW,2.0135347049756103,17.373804938376725,-1.637922204033226,33.025662386841816,2.3640130618645627,24.426907921334855,-14.557989012468258,-7.568587079042412,-21.387510244082552,9.662825047654913
DGE.L,14.086892353526279,28.72234388069266,2.130973161021503,14.899210641564883,-6.214516797178788,38.01864727480527,-9.758251305134417,-21.863252398575945,-12.2714215396398,-27.618859735648055
SJM,7.547265964412622,-0.837850635841311,-22.316665794356343,14.315176544645873,13.632508140039956,20.54447792059155,20.456043421941974,-17.617843029975102,-9.798962778745695,-11.800448731910455
BG,9.97955719258113,-5.57286974500513,-18.84239437208436,11.551848322610496,17.46233100878648,43.098615828463274,9.089654842634545,3.605985329395598,-21.625034836423925,4.365286527240335
XOM,20.578182506630924,-4.526182416490029,-15.300498239952995,8.103525066301904,-36.04457487332003,55.67682082322474,87.25607412015749,-5.817504380382945,8.370624919513682,2.8581371713784796
CVX,37.31779657884915,9.95436259318341,-10.236421341620842,16.190994202130042,-25.3662870514295,45.137992139697786,58.36786438360555,-12.929321235885341,-0.5042954124644151,1.1518462721859906
BP,30.873023736651888,17.81519718196734,-4.109988713228137,6.704181619288328,-40.3257190122992,32.99371830540352,36.69850693584597,5.7889003001577235,-13.824766663832541,5.268033714560304
SHEL,29.332852375967928,28.983118867854213,-8.16641941350624,7.901328472849441,-36.37259920537597,24.49294245528344,32.851426918371146,19.10589844882051,-2.33780844173362,15.13640158610233
TTE,22.35890181957565,14.194117677870855,-0.6791507459802684,10.68239198978327,-15.947209163542075,24.00618516381429,31.24744382769266,12.742204770880985,-16.451609382764822,13.272842930944606
COP,10.796444753482373,10.448514677007871,13.952585563700595,8.838276046788893,-36.24876835772021,83.996324288055,72.04932327857343,3.243037749562349,-14.816834105377277,-8.32465353425691
OXY,10.821111116322376,6.924453497433851,-14.743144340101841,-28.164185887976345,-55.582329132190075,63.440761479132625,117.44818344967926,-3.015400329491142,-18.170882997213653,-14.05885625714035
BKR,43.74592805619078,-29.292886484119446,-30.773139759866975,24.81384839568296,-13.852661471637964,16.417962552862342,25.7541534351554,19.346828014743846,21.981349603529576,-7.462350874906639
HAL,62.52300446561705,-9.632601920491087,-44.933471241144716,-2.830007215514538,-21.020976519181097,19.38424009032193,72.41791268103574,-5.53652354776136,-24.531047712683115,-24.911394108177785
LNG,11.94274325310747,29.860133482892685,7.153464504286093,5.719232768758953,-0.5235469418923803,66.64764141904847,48.5505523298758,15.955574641087273,26.12096446523565,10.831290381979356
DVN,45.89045665973608,-10.982333266346881,-45.793194135720555,17.971578677842523,-34.59135562320863,189.8556852847942,50.55648122792283,-20.822965620431,-27.459214520938097,-1.9797169209596182
EOG,44.024883786189115,5.873265606496237,-18.945257858601753,-2.681292915878304,-38.199699965639915,86.04417174187306,57.771817887798825,-0.8625561020348742,1.876005557669512,-0.9895387932832532
APA,46.386011509570146,-33.42783771190407,-36.81189537291779,3.282832590815425,-42.446052644325235,85.93787106454663,75.20261873043225,-19.881563040201883,-35.832880255619905,-19.042998516112768
VLO,1.1316965550771156,37.51143702504951,-17.65638542391357,31.20953545873892,-36.187967655999934,37.58503894981846,73.3613059738891,6.796804678578841,-5.796112993895567,11.064134099221697
PSX,9.772524930305044,19.698315792738093,-13.928444979314317,34.015533037210375,-33.626627408269805,7.4650787802253635,48.69763083608653,33.94594174031458,-13.364928092223321,5.8591516325481265
HES,31.122298480925515,-23.39984454161711,-14.303955465707723,71.16753653582174,-18.4975067167572,39.148923111957025,94.36337624386823,4.207171474845752,-9.100044567030107,3.892267030017609
CTRA,32.68280828402052,25.29911212575069,-18.12328451969304,-21.17267325151559,-3.8170403984226895,25.45346440711257,42.181602057300736,10.382866498234163,2.538205400423712,0.1846311034967197
MUR,46.6493667918114,0.4398254376207204,-23.592108434844096,20.471972803309885,-52.079297819245355,116.77659294491174,67.53878515226818,2.9845286987914967,-28.948671357302903,-23.48560150093627
OKE,149.6249036786884,-3.344255318574558,3.7571711708786024,49.77185455629939,-44.015695352063474,61.28059549495172,18.45473325213746,13.312659473853413,49.9858720066433,-18.057609775985362
WMB,32.10531608148338,1.335687134212049,-26.27861911778743,12.956858160157129,-9.538429427142228,36.025424097784224,32.37375210041728,12.513383372721956,61.91165746002887,16.997102110558483
KMI,43.01579573360282,-11.461861862982527,-12.909525971864571,45.17120317860266,-31.528342268377905,22.571280557942117,20.5516055463314,4.576380531485335,63.63889715749701,7.189478003047715
TRP,46.26579001944917,11.310126754542381,-22.64503586207763,55.640461794914685,-20.148626701012358,18.470545355216096,-9.372578477157077,5.821106989889467,26.035793748290576,4.55615201735879
ENB,34.618698129467305,-3.627258017819926,-18.87107417620238,34.781929329987385,-13.716375721972499,27.95008395288137,6.319919631903821,-0.6591716680440838,22.90929551735918,4.99413171679617
REP.MC,38.58933919491885,16.268400473730665,1.0246430686475505,7.913369309195442,-35.25217360861714,28.952189982455923,49.52054030262275,-5.483266450317277,-9.934364885831037,10.486351390017429
EQNR,40.76199598205443,18.395255671957923,0.3723193144548756,-0.02005236213111282,-13.659071580705834,59.54821277622975,42.542444598524646,4.565770261742386,-17.003847102193777,6.355860173834406
SU,31.57867258663386,14.781747555244895,-22.530599592650177,23.211739290542003,-45.994252881850365,50.91489106196235,31.569143888481836,7.428859393014258,13.189914176762624,4.416667090521918
CVE,22.041845600655428,-39.46484031359815,-24.430784481555452,48.58055422463625,-38.77024963770107,99.74868893507517,60.13554093483566,-10.97257170692762,-9.460375981389701,-10.842591480007194
PBA,54.2695349848193,19.634702998166972,-14.63696522587297,31.470131846578838,-31.179099128163568,32.85112508995552,17.98593407181052,8.873178735547846,11.703327584880013,0.21545384879107593
JPM,37.986550137112346,25.234859609240196,-7.973235288646173,48.992468447233705,-7.066022263455962,27.41945003909602,-13.466414167134982,29.525586492389134,44.91382970641793,20.52565626024049
BAC,36.44933098842293,32.68330850369638,-16.509515350714327,49.29268528284974,-12.916495702373995,49.00612021679087,-24.83661382217728,4.478971924729237,34.85293869504397,8.057970968632555
WFC,7.141085075037394,12.071722388946593,-22.80888854080327,22.451276079146076,-42.53290814561693,60.80302463691919,-13.632581669310728,21.990946427099303,47.34149661470733,13.976725789983194
GS,38.33092878597613,6.291413260096472,-35.88246975426144,42.72348561143085,15.021107060819253,46.92425471945748,-9.398609207034605,15.194329966423204,53.37953766986914,20.435678732804703
MS,40.993103291927795,24.138832861057576,-23.726441793278685,34.39414319964546,36.48447275283565,46.01187999168903,-11.394578284388226,13.104536547715991,40.65444281810062,12.8468047073689
C,18.187115013500303,24.40992487597468,-29.44697101009517,61.3466880703232,-20.9835572873362,1.1127180248247595,-23.098711661811393,17.63047195932745,42.32084097782895,20.726976429587946
AXP,10.910390258413694,34.74308088980382,-3.945878594410728,34.30176558105142,-2.821930049582343,36.911585531682164,-9.022967634777345,27.130385765352788,61.34386754275815,6.330418751450252
V,3.3569859967274485,45.79366684386936,15.049741692923568,45.41169739947568,16.245554671475354,-0.47295303194060817,-3.764448319177318,25.390621363381,22.383641089839397,10.06875515732186
MA,9.137852893190832,46.04478771751282,23.13013517253054,61.10244553192711,18.973210251062472,1.329827420910395,-2.7856809782930156,22.617557990115067,24.640995602028966,4.311350543102129
SCHW,24.72436229552773,29.253249403466015,-19.638323229589965,19.399396064230537,11.74854738256131,60.41029048796006,-0.44899188329628376,-16.280842722843705,10.120372578240389,21.764805884357212
UBS,-12.328503357787021,17.41660643045092,-32.97297685255379,8.291223170089953,17.79517695225581,27.005846409046374,6.738086490437935,66.72562931697556,2.6227057047501443,10.181213200662311
HSBC,13.07457176376241,33.090530974493284,-16.714354901778066,3.007956936183214,-31.71501801701357,20.147824871988327,6.97557797636491,37.11706719902606,36.06397479480148,29.60621764806351
BNP.PA,22.811086933431657,7.9351412709239,-33.680667773474624,46.11171440103906,-18.599624851268935,45.091990578132624,-6.471241446462074,24.19373727142723,-0.38858866789113233,37.44991824105135
GLE.PA,18.0562268812101,-2.775972441790995,-31.902941623223352,23.94216701100923,-45.78770609497017,78.54577500670062,-17.070881308788493,9.204534826853934,15.147489319965263,83.77517683147907
BARC.L,3.309545346882651,-10.160489749620224,-26.367481373965735,21.47658475662724,-17.32563299660037,27.93606773982546,-17.810271548796443,-3.5529113861080623,71.88045203689413,27.225353341095953
DBK.DE,-21.232874326736777,4.595194139360594,-56.0830064527743,-0.46848811856467454,28.080707286973038,22.05603533682358,-2.2601053432368237,19.948666870529404,38.56022014597179,61.17677432679459
BLK,17.212667404210162,36.733064407633094,-23.273949585023264,33.601790546192305,42.56423406433785,27.53578558437264,-20.637943729983725,16.000816500937052,30.816929914444486,2.827114657920846
ALV.DE,3.0551586811762137,28.038737861054948,-5.492799328491669,30.044457779984334,-2.382982007391344,7.16240388087856,1.7070146273623898,26.606752816256424,28.317983457892748,20.710388936774702
CS.PA,1.8713170368547392,8.072075443165593,-20.049498626878343,42.835039412255085,-19.44568179092898,41.175602615987096,5.302663831192735,19.397371391948575,22.108599034829517,28.690667414170655
MET,18.53829819228595,7.189375939866399,-17.077964592772922,29.57474111147845,-5.124510613844466,37.39109226023306,18.379133680694448,-5.585089310767079,26.98312386193929,-0.9318622575824246
PRU.L,7.164561118948276,16.43836210458329,-27.22791356009891,22.09372438814764,-6.014823897825162,-4.188893439829445,-12.112443747914169,-22.175437525699014,-28.532729999206406,44.87099168688849
0939.HK,19.58387601422585,28.20793247273073,-7.826344762821039,10.717804890670516,-6.6817564634132145,-0.9089643278517664,-3.0150054995112625,5.584654406105679,49.17704847003533,32.60592666206643
1398.HK,6.884188855624757,42.50413087564517,-9.02870706313634,12.5500350552541,-13.006123849082407,-4.8451290191073015,-2.4804109530169867,5.935018165417881,44.99201657833907,25.148513523951106
2318.HK,-7.301633823856761,113.30036931976481,-15.374946707524048,38.540008807579326,5.125904478585652,-38.48067283290869,-3.405575406973164,-26.87765437590157,41.78524328221581,10.40525704540718
MUV2.DE,4.251985771479846,5.988022593158595,9.763363999556361,44.715873679973726,-3.3907522620487636,10.266598898749457,21.970707458297785,27.77193401889488,35.35914076835591,16.223356975877472
CB,17.428227807356762,12.29032614478174,-10.769348586800504,24.131518904681514,-0.022824166455041654,28.956312670550734,15.862900801087942,4.480227183440761,23.285479839221395,3.0635713811658016
TRV,13.126032182086458,12.759531281525922,-11.215901994060419,18.854492953378895,3.9082279404256,14.0284973652716,22.038963578049152,4.364023071951564,28.408710673185194,9.597401910009411
MFC,26.457410561502996,19.610682091102735,-30.606738842398535,50.39136528761382,-8.209819706292606,11.345919842957903,-1.7489120526276425,31.423548989748618,43.24453120166688,4.032519580872078
UNH,39.27246413484204,38.88905330386467,12.913154049338726,21.96711682617776,19.282797492092783,45.54630409039241,7.3939802893429105,1.7645289108167193,-2.1049116419783167,-38.457732791840456
PFE,5.834683696502333,15.12199556467716,22.305548901754022,-6.413099503030735,2.559386530122288,64.59192888784936,-9.565662939028936,-40.99926097965066,-2.9259444696353674,-6.321420541583437
MRK,16.84604686900974,-1.9528581376652514,37.26833660533887,24.199444404092656,-8.707962845849616,2.168926098283623,49.53846995915242,1.5038968131550183,-7.424905000484159,-19.64283271099993
ABBV,12.02338077482201,59.31166267522511,-2.5393552611452668,2.5015045096488304,24.71671007582149,32.90716735587703,23.99857561012161,-0.49958518593600015,17.90897678364892,3.9571927207506583
LLY,-9.444571302602037,17.212813943588863,38.60988027779897,16.965088898517998,29.285096267360363,66.5198822997976,35.140872417367234,60.724491195509714,34.19662677030576,-0.2832859410745589
AMGN,-5.619929416177731,20.90384887563789,11.967213969830146,28.597938110994743,-3.9304020009725633,0.9626917871587297,21.153555972685393,14.23417162833437,-7.0123339440867465,7.497849138939117
BMY,-11.772439425490088,7.0858663396301775,-14.805276503348452,28.403663438848437,-0.7331300819225862,3.6449177628465756,19.517732634851644,-25.949338877448476,14.469535996820179,-16.793352003894615
JNJ,16.47444444695868,23.812644794392295,-6.3998268981352915,16.597134279729246,9.887169234208283,12.345760069765296,6.510312175313376,-8.324093459369081,-5.768168354109346,6.690798584507199
GILD,-26.56397302841472,1.918358490534533,-11.563700747732156,9.176495845964459,-10.040127647976732,30.379709063275058,24.211237159899632,-1.1058076925504194,18.36607702284981,21.18122586651649
CVS,-16.46329952927751,-6.545749297186229,-8.213487768812966,17.512572540593517,-6.358681888175845,54.78856894494659,-7.311414663340399,-11.131825902273112,-41.97965272187264,55.3435825245564
CI,-7.7961958409090775,51.7015253951959,-6.586503111985007,8.167471133637685,-0.6320754200826104,12.319549882050309,46.7675631455037,-6.854053951905834,-7.1785532772870715,18.173975132163843
ELV,6.506556332943086,57.87293957275369,16.51860415677967,19.518633555263694,5.158252651793329,47.24600138478476,12.249116077586741,-6.104009922049891,-20.772469134172745,3.3323459019877646
HUM,15.395116659150418,23.304993424524255,13.975037675271793,30.823945103141153,11.371193655594134,12.324849268836669,11.751139312809054,-9.23779215227453,-44.26410330042325,-5.209808263196536
MCK,-26.954578889205838,11.988561320755982,-29.119635847794573,26.36653786114347,25.97556151577434,44.120406976812056,52.452990321598804,24.927056552516994,23.9308839986018,26.975585274219487
CAH,-16.082937527170245,-12.672513830831045,-25.862407226454486,18.63857028900162,8.224013607850992,-0.624439791882639,53.99179422386282,34.86710339158984,18.799802031391252,41.85161368683048
GEHC,,,,,,,-7.3333214045444555,27.576223897115625,2.7863515237000565,-5.664786150095318
CNC,-12.536762439715268,76.27118305141256,12.01589520378515,10.53831713987732,-6.446493176882692,38.5744877379607,-1.3591499419215318,-9.50000111649676,-19.519999186197918,-11.651119065246242
WBA,0.7138981322617374,-10.877437612439183,-4.9094901388314565,-9.572030562272165,-30.705935448223364,34.36780677599162,-25.203803911614624,-26.054848211351246,-61.57476866225331,21.938225672241344
REGN,-30.96697800082664,1.380641158804534,-4.442924179363547,1.5075411772053686,26.5343900413624,31.972888986302866,15.438389912704546,21.67041621305994,-19.603843804853337,-27.525431851320654
NVO,-36.24651709883181,52.65098310048613,-13.890086743748695,28.202495304790393,21.33101155958204,59.6523580531972,25.286253737257304,52.663124155966635,-14.785432293163234,-20.812215300367683
SNY,-0.32855618686559185,9.49207995116267,5.008329057482679,22.074512698842153,-0.841656317745213,7.309970273236709,-0.6806949155227338,6.611615213770425,1.934465855383915,3.4154774594195114
AZN,-14.684410787102731,32.225299086804974,11.497971242661018,37.02553374239842,2.6081105252197383,17.984512452498883,19.11473612667028,0.183810903563024,0.21951947292042168,7.3287680658937235
BAYN.DE,-12.506630629220176,5.241855048075723,-40.31156515030347,27.773347488238397,-30.653606931200546,-0.4122257732653135,5.332972273707049,-27.877491545877238,-42.61917078777927,41.02335697495367
BIIB,-5.580345598316361,11.45826015001468,-8.603458012743548,-0.2796073920311122,-18.551459968051752,-2.3358042503680734,15.311272315542743,-6.490088266409083,-41.68737231516758,-18.044718647720533
MRNA,,,-35.681819915771484,27.59543769370511,467.8589626284414,134.6358278718145,-27.31466547981705,-45.0096800708325,-60.5726850710665,-35.63981195169942
ZTS,14.995845645170721,34.6687686829096,17.16792197473883,57.43997981800229,25.112543529466485,48.500519165102915,-39.070863440382524,33.97709994402057,-16.315004314191274,-4.669915607710782
IQV,12.068969006400101,27.623520654813106,15.621201323016976,34.12288439517128,14.35934365677976,58.378155954331035,-27.36972883493496,11.219002283170832,-14.025083253615476,-20.797708771877044
DVA,-6.699608739886977,11.600250824897376,-30.30302854356467,44.687501420266905,53.467973321246866,-3.6406931508854927,-34.54019604741582,39.791831763202495,43.28485935940381,-5.34509260230612
ILMN,-31.76658694778093,69.1491858914816,32.67638729083659,11.343348564646146,10.648836945228972,3.6134223804756145,-46.944452150288605,-32.05485221118901,-0.4206528275246052,-29.261193346621383
HCA,12.680773040332358,18.128031882146907,40.879485311896445,21.537205555432983,10.189349543611852,59.36786706154208,-5.5533780995198905,13.029346759807892,11.596033705889615,25.75384697287123
CAT,44.40063652114228,72.6874206356586,-18.876021150266762,22.310258915848816,24.4722343546957,14.964529276484054,18.261342216905057,25.362688354911683,25.696861927879766,6.147438771184627
UNP,38.3313906691486,31.2881267915947,3.68632076223055,35.76047129505629,16.266653749359577,22.24920830005362,-16.371926436516723,21.479535254184423,-4.958812031188091,1.7879896517088811
RTX,19.149364898246155,18.300369958709954,-15.788879013091469,45.74336569154766,-22.107179702011365,23.117880203786477,19.986048866704078,-14.497606496906307,40.30382204494607,24.93231014453769
LMT,20.11399165987878,31.1049914870584,-16.777453235611226,55.60195223628488,-7.535744642340886,2.620489691846974,40.76480838544664,-3.6949521593788557,9.18437665770143,-4.2768230282432915
GE,6.671717966515914,-43.042381921258446,-56.07064047877508,55.08672748288722,-4.146475566693518,9.043640316845634,-11.624852966296903,95.10692335011845,66.93099070372202,51.84822368222438
NOC,27.105984514817784,33.01555935782288,-19.943965963333078,47.043703711268336,-10.665014577170998,28.720007462252738,43.06326821271434,-12.680718755703909,1.1033181431424717,5.635642977299589
HON,17.14785433315436,34.19611138167746,-9.482021742638464,38.267030144913704,21.617462621171644,-1.029363240872045,5.230823796303265,-0.37622379051789284,10.810545887564391,1.8409869795687281
WM,38.38329345991444,24.305839878894727,4.271314041552706,31.54895146192122,4.449768506360042,42.729309595854176,-4.246785954210132,15.804607658952294,15.446073216425818,13.324609913129787
DE,39.8375392767987,53.87381097092341,-5.524623847582085,21.30072235919809,55.37616276314738,27.23078196663979,26.178712029949462,-5.312208975798546,7.584569113310653,20.90065912991193
BA,13.836055946906948,93.94270708682595,9.075042131221146,5.607554514179578,-33.66028460965047,-3.4714253743489585,-6.622546326880362,35.09199677884941,-31.378263413625042,20.324157921237916
MMM,23.846022318167343,34.70763381298263,-17.553025237936236,-3.2295096093288955,1.6394891230790885,4.730626598554945,-29.898658130152555,-4.6009367253346,47.11168393905826,17.82800731112626
ITW,35.0318585561078,37.498906022703665,-23.525493389535228,47.99131318250944,15.114554605488886,19.676879626649,-8.642474992015735,21.37135542045581,-0.35239332238328996,-2.0567561713535962
ETN,33.817306292320474,20.64148716386306,-12.370461781863439,45.067286532006314,28.145041696075918,45.320212381196626,-7.487674028594521,55.10703680017056,40.85454877143688,6.298038779002659
PH,47.573327668074526,42.67219596354933,-24.64537367109247,42.983195021038654,32.93156438687196,16.67185041181763,-6.996387018953885,59.71359318242935,40.428245693401784,10.009502805561578
CMI,63.01015432090213,31.219113985453166,-23.595646661767862,40.74034895730595,28.529748585162622,-2.0644787953258437,13.788653730712516,1.3635812486476249,49.004995982510216,-6.144896389847675
CARR,,,,,217.32215550458997,41.10447348193903,-21.09389754942935,39.140150589407604,21.38904450225715,7.315576012246419
TT,40.80734047984354,20.040985852441036,3.5863166002091535,50.54982561276834,42.649215633560146,41.211533954579274,-14.64435783776739,44.97838462515585,55.15396718531106,16.83216677617701
FTV,8.848354077268493,34.84070985244128,-8.287190344421175,14.930848079969739,8.405652748263993,7.497218344084702,-14.70093490198584,14.196158486163798,3.917943606233751,-4.912807107432055
TXT,17.703274436933892,16.171690919804625,-19.666134643400294,-1.561825866071725,7.75775992640107,60.431698789273014,-8.561953422444558,13.53578241215072,-4.711583627096258,4.461326807867581
BALL,5.577594083228883,0.9246158981470083,18.654046131424643,43.60825837011408,44.692056095533296,4.866077072330529,-46.05786925207466,13.240341092965469,-1.1046199768556333,2.0231446089481038
PNR,18.14512188697901,26.748170440511743,-20.308470163598617,25.74252801264347,16.444696865878367,37.940929401443164,-37.376432970996014,61.71522571316692,41.291540470732876,3.007934068570221
J,37.84769780645947,15.293824499459854,-12.636101889535228,56.76952642811466,20.37770302943655,27.995280564983737,-13.440135293247213,8.623084778195336,24.858829409467912,-2.113071279330515
OTIS,,,,,68.46923232017275,29.342082403388392,-8.8939586513108,15.11815577579631,6.417384180990644,5.377715827762506
HWM,-16.636671545222697,45.972660112195726,-38.49836414485041,86.21620239627987,-8.249746388205113,11.201987042821852,23.50534072053411,37.87546003589975,105.4549594986063,68.02269406709672
ROK,36.99406360632906,47.22863804887003,-23.17010715441906,39.84694001335142,24.605947155296644,39.79856105938268,-24.77518666006372,21.6031346361165,-5.304201132365903,15.986751400140328
ALLE,-0.6356054295676402,24.08160622217704,-0.9323148495181323,59.47805163996526,-6.7673045883470895,14.252299301446778,-19.09907549375204,19.48933072353297,5.52957711916984,9.895429503373396
SWK,11.51461302530395,49.260540751743186,-29.026540423859583,43.6835126827441,8.634488386926668,11.659565593217907,-59.081597680293775,33.42114543520585,-14.937096210390651,-14.457815833912688
NDSN,78.62333032908498,30.124059749948607,-18.479949494169492,41.1101294054693,22.854722418761277,27.43294814681803,-5.86410174359786,11.94891449748765,-19.663535492331565,3.375770182733298
XYL,39.819699447046006,38.30114788893657,-3.1310522326116774,21.34975549789255,28.99568499726496,17.844264685138302,-6.822712747185809,3.5460815773542307,3.8911617539969288,10.270430327343776
AAPL,15.385359076995947,48.48995894082453,-6.80804108734648,91.03880906062405,82.11561731749728,34.28596467730872,-26.511797654678666,48.60774916683031,35.4184054581966,-19.02741358667534
MSFT,17.535230196524754,39.273771901297195,18.574140784736148,60.64303644662715,41.09354433206358,53.761008646659725,-27.81656463399812,56.069751340502705,14.483181429957973,16.99450244584334
NVDA,233.74454262455876,86.06691773928351,-31.544105747689994,78.52673168404513,120.60641147950102,125.97129963340883,-50.93856624510591,233.6070395324632,179.28069224093656,16.01137160856882
INTC,10.586145528029746,29.654730919816352,3.334257446460371,32.957800116351365,-17.061457092083746,6.397285400588274,-46.79765050152008,90.10294473928708,-59.175920173150885,12.160163358804247
AMD,309.3862899159613,-9.98248980478738,71.0172702912514,152.7484724001573,96.94835619600933,57.583316615646666,-55.37412366305558,123.34849039713542,-15.137230747623562,17.597511229010042
CRM,-11.252259302506197,47.53935211489867,30.90977410018817,21.76913389259485,35.67593204482604,14.682889397587266,-48.00596295770072,94.64459595444585,29.58287160025521,-18.44314133868713
ORCL,7.9848302398178435,24.44946868718649,-4.266009850309076,20.50071035653479,23.020463600484,38.14521078264028,-4.777008905146315,29.78253842775123,61.64479237390007,25.51261131063041
CSCO,17.576762738193676,30.619909058987645,13.96408797108003,15.739251911979176,-4.967027360363023,46.60056385024874,-21.88337444077543,8.793506275744486,21.047058805224808,17.393728447377132
AVGO,26.326164369365877,46.922767504438085,2.1990873662729142,30.79941394779386,42.393842234458134,55.88037903951526,-13.388097254095005,102.06287733514854,118.6143333647045,14.668418627641527
TXN,39.92799936591257,45.62832211999304,-8.434712949984077,41.48315826698104,29.704525588760315,17.779888676304754,-10.024499560119999,5.136349300324341,14.489313223491425,11.129880545751394
ADBE,12.182631267449736,69.42860386358794,26.886549410447614,49.30653033973997,50.742427941524625,14.037586091840652,-40.61060896851075,75.3880436156619,-24.377876472325195,-13.831075094396205
NOW,-12.520600845769255,73.13770231927118,37.65648994736999,62.42247041659685,92.09012538488336,17.524324910779892,-40.09658030408911,78.82201433788602,53.174086488757425,-4.760045056579985
PYPL,12.354113352211,82.7252446604181,12.157340138312643,31.06337074589235,111.48259059583569,-19.31034380977308,-62.79191272237487,-16.664407907651302,39.54589774866816,-14.207490912678608
ASML,30.06511378587003,58.17781830917078,-10.150639891691313,94.21678287620013,64.07248703188581,60.92967140751654,-30.487677947707503,36.19376131882238,-3.871449181622131,13.435113550047742
SAP,14.543198997427229,31.971412989328883,-9.450261573222619,37.168987715260215,-2.1370718356792477,8.389322204858017,-24.30137727434301,51.0570452592897,66.6683619108231,22.72356763355421
INFY,-7.964006016829674,12.923525880294093,20.128087683102837,10.386640398375103,68.47221792755933,48.93549076427984,-27.493620213969965,3.8038286807356747,25.033373321588385,-18.593404581258586
WIT,-14.128676728328504,14.556171809796622,-6.545456679695655,-25.845370844452866,50.957613826380864,68.8581084226091,-51.96677851349762,18.763321153145426,28.529099303747135,-13.932975918259793
HPQ,33.07519843971763,44.619677665695754,-1.590860435919209,5.79290354011563,21.970947216344513,56.88090122988461,-26.480667046361123,15.528624981380654,13.116814170168828,-22.57926933141319
DELL,26.367823928312262,47.56716538385127,0.6335858493325469,5.556688306316639,39.2623865129346,50.89218863821207,-26.61995088307578,94.20870274135336,54.534101880552136,8.697666786273519
FIS,28.945685525058373,24.97912855280296,8.195205554579188,38.96783480314785,0.7447117478772458,-21.300008320076373,-36.57843251070352,-9.374907633878282,37.24973754365141,0.6481953238686018
FI,17.970921411389774,22.75791542542588,10.578956308594307,59.90860363482913,-2.6896575401569236,-8.114288665436126,-2.6863093579158606,30.593781698513812,55.87546392979365,-16.74879138596392
ACN,16.44662515932329,33.051907899604366,-7.268403739903845,53.52851799923714,24.098615295899386,60.51539789235635,-34.77056932347092,32.42390218164353,2.86235609258667,-15.551693731219562
EPAM,-17.51956322719959,66.09461935419795,5.965432080561073,84.99867546631732,67.42014718902485,87.49895444082135,-51.10693599275867,-11.183464537285127,-20.038161271404626,-25.92106668589685
SNPS,30.48104591877291,43.816428556487544,-2.6309686799593393,68.87216397390205,83.10170916710565,42.61922983022836,-13.03080535549283,59.41485236672794,-4.17561206082055,1.7387248379317357
CDNS,26.09999656677246,64.45143213904159,3.190476553780692,64.10315441911867,92.7187224449546,37.519176593871315,-13.485563482251713,67.27261073164314,12.148900744741823,0.11809994536989049
MU,58.49604116424717,86.31631186504717,-24.000953533154814,71.64516512219843,31.121219600011624,22.93569867530461,-46.36731422888832,69.95885516648018,1.993369847194259,47.002159168058256
STX,15.391055493306247,15.789808122288044,-4.666276080062228,64.42330173526001,6.818551550450229,88.43662467541714,-51.436546586186736,68.38337732353943,5.151049565094524,64.37966595876597
WDC,16.85419659248192,15.344457249567057,-53.6758399445448,74.09074675337219,-21.839863034830202,18.96268983056307,-52.01521394059711,64.01502169505456,15.185474716873648,40.14146552513424
PLTR,,,,,151.00000381469727,-21.831866778198567,-65.03268048545553,160.94225342518368,355.3392143434411,71.57481722993695
GFS,,,,,,37.18357831599733,-17.20694051064552,12.367880829225914,-27.843658704439072,-10.941124913033036
DOW,,,,7.626241453443424,6.847053217769841,6.311985561523797,-7.429632952305355,14.230255061507027,-23.97719540242386,-30.110964877122925
DD,17.863159759792442,27.889584005185654,-24.18738818588085,-14.995137026432662,10.9567398485169,13.575777621897092,-13.63505580652541,13.661388377799058,1.2224127051309808,-9.144114180965705
NEM,85.45787841363341,10.742577473078143,-7.497390392226631,32.18058967956646,41.130856085638825,3.1958377122702117,-19.667572617212464,-10.783470434440117,-8.088242976252138,50.72066154675685
FCX,99.84849882137875,40.54855362913235,-44.51769697790439,32.352638939875575,99.46374220244905,53.77460345139211,-6.785191063332633,13.83576305017972,-7.902803213418383,15.222248359101412
SHW,5.72043024726743,52.98715737518892,-4.311413331698587,50.02170857795345,25.38243696975998,44.139073951294996,-31.244444607739148,30.932637050695494,12.14337801640109,2.067754777121109
ECL,5.108509881215208,14.920894830828368,8.808410058414093,32.99567486420022,12.193160845208489,8.293526698837034,-37.12263869610717,36.54600689348873,20.53489742977722,14.489505673327956
IP,49.06972968272913,13.027789645956615,-29.629380225717412,20.423744272346454,12.606186255631076,2.9903948867509023,-23.646182526729866,9.793498651474813,54.4030074445862,-10.805933311779057
BALL,5.577556035030138,0.9246382284797708,18.654055121456302,43.608262484177054,44.69206529101046,4.866058874649841,-46.05786508611646,13.240349698858406,-1.1046267313064873,2.0231446089481038
ALB,59.138034157555474,48.37097436548127,-39.6419185012946,-3.1559218075814783,106.5484792173542,54.516484155643575,-7.795375568183332,-33.49901307128963,-38.827226252406675,-23.945505719742872
CF,-17.728709598689633,37.87266780133758,1.6131103992805702,13.925853202704094,-18.145150803773376,88.67922032797966,20.99009683697039,-4.1715520115380675,8.071343651600811,7.078509257359496
CE,21.383935923440664,37.33066907663756,-15.017085153877538,41.5618028265513,7.289683850980574,29.319667433692697,-38.083311942409004,54.028378546015,-54.69423380604345,-18.22562542843995
EMN,16.160205631404757,25.231275994210677,-20.671478164380005,12.334179230203764,29.89361253726326,21.2389057348591,-30.713953059910516,14.771474184268829,5.213416531441664,-14.701749402991835
PPG,-1.0458151065372583,24.35668133482521,-11.989087060511402,33.80987052991606,8.921690269427685,19.961962486598043,-25.560521377977217,20.189219918202976,-17.703430780523746,-2.98926100744668
APD,24.26908715510879,17.251905384486882,-0.5063740622943351,52.020538286253625,17.18107525826645,12.164575706140804,3.825603512050596,-9.481512794464496,8.165461401590479,-0.8674659891180232
LIN,19.10080060966542,34.24919886915567,3.1365489527945294,40.37920561691139,24.6496124839183,30.991387381158702,-4.3909530244806465,31.076619905943932,3.166119393945619,10.949784858737956
NUE,54.718736794292,9.197091253634586,-17.037652251481493,13.503749857491762,-3.170754593842389,113.89133554600808,16.63172516362312,33.75276702059955,-32.63295614639299,12.075918374999356
STLD,106.34960655525651,22.10095934330422,-29.73066135968204,20.372887017535586,10.436554706154713,67.3097379494419,59.46719823603189,22.62557512033937,-2.398346237263803,14.587586197934806
VMC,34.80255752239714,2.694011781775611,-24.455445559511897,47.584516768567035,2.1367953656739735,39.901366239887146,-15.200536667907757,29.065793808811836,15.406347967150047,0.9811324491368657
MLM,66.0911062329058,-0.31085976223743045,-23.779407232984898,65.41913001543887,0.728598307092766,55.19833122966584,-22.983312957720013,46.909206510221026,5.855491968461427,6.158256422528678
MOS,11.847666069222765,-11.351082259631031,11.432428301335296,-26.326570243080855,2.3036027844261526,69.29357361968599,12.197304820262204,-16.19357498965823,-30.658218918062097,44.65204400999609
FMC,51.739303484163514,66.8215912449923,-22.34453974239878,60.30287815422479,15.809929750200732,-3.6852421898173477,14.994071164796335,-48.05375800609221,-20.643551277845194,-10.606462813124885
SKG.L,-19.682856285140556,33.706657239588864,-16.972127125775174,40.75149424715794,18.660295423637578,17.21424813245391,-24.448023826413507,0.6451648901501063,38.26444586739185,-26.697577364982926
BASFY,31.488403970943295,24.702622468494212,-34.23445505648191,13.215530003131496,10.753316073333071,-9.237574928966964,-25.352728557358432,10.970134212251098,-11.859241032314213,14.533822793183163
GLEN.L,213.38989885814078,39.14199683722192,-25.588366186344626,-15.973722312551816,0.02114612734508113,58.92945448423858,45.026403982793276,-15.346790993514986,-25.823322686138745,-19.691873331363794
AAL.L,296.78467035098765,32.89022296157345,12.520837027201868,26.588917002429035,11.912940827111635,22.39177975144468,6.9740543634534555,-39.01903016793373,17.741923748453544,-8.096119579723537
RIO.L,61.23359488778678,24.47564037025,-4.5349774314583815,23.51942617903632,22.7228246351957,-12.176537165636248,17.935976598914387,0.4716644170255606,-20.514283552824292,-10.222268819459005
VALE,141.8218391494145,61.914636520096934,7.976806392109773,4.623201233706574,32.80069191001719,-5.2150652804969955,27.089017378479312,3.522401806812208,-39.03474911595328,15.015217797934447
MT,80.2469337604266,45.73749091833268,-37.72783918554084,-9.249376866981082,30.657745779869856,30.177319747984736,-18.0161502324772,7.892484134014881,-17.14446968231368,35.20760853881673
OLN,58.24848320826461,41.40813872613565,-43.771652360559244,-9.371187351887603,52.052231343835764,135.41433571319885,-6.634388127628604,3.2620600767389365,-37.15460852034915,-38.983885885300204
SPG,-4.453099108468821,0.18143886804377826,2.26299173919969,-6.6895917337006425,-39.76559076153894,95.17780173534874,-22.253197157489467,28.532426583523364,26.518901768950613,-4.563996710347467
PLD,29.041714185683393,24.805407402645525,-6.73126587547387,57.19647914241213,13.100780253888905,72.12091436891255,-31.366823022273387,20.247621527967823,-18.30591084362059,1.116298817366429
EQR,-3.601677362633983,1.390328723355222,6.243022871139696,26.097682904562102,-25.167341452216096,56.09353275707901,-32.66723136627039,7.539554522830223,20.175281639508782,-2.8980015065037845
AVB,0.12257656195252564,3.2205100497684547,0.09844916442564584,23.919767547080887,-21.740157645655398,61.676978545514075,-34.78193484864435,19.757293205941586,21.34507311824024,-6.166178013980943
PSA,-5.434461227391504,-3.3985895964870227,-0.13331479340120347,8.879572204037025,11.266094506269111,66.12981893467706,-19.915005694231628,13.24352509634738,0.8647734238685124,-1.0935790627476845
WELL,3.780071789592527,-0.04900259155728038,14.990631206078975,22.97692078192574,-18.547564419632508,37.14836861631204,-21.53399101817421,39.742801629177805,41.5882071207089,22.188514291947957
DLR,36.25757887548754,19.032251944948612,-3.557872610206926,16.24893146824473,19.102037361915166,29.635558093800263,-40.99651028576354,38.25105925209003,35.62957919698316,-2.0726400650062975
O,16.894090135127733,3.2117639731336673,16.111670702492642,21.09788600065274,-13.452593370437441,24.064495195279463,-7.552048345536765,-5.188470405762583,-2.8239979253925793,9.638203096324638
VNO,8.397744622991992,-5.395814155737077,-17.779800625492292,14.399124227016404,-42.07742511524471,18.46443155139791,-46.879797322563114,37.652449852016375,48.31583587930068,-8.833331153506323
SLG,-0.9820966110450506,-4.279203828031643,-19.001057587419503,21.448122236517538,-31.345728719636284,27.488122065791128,-51.69554144607499,47.1880280200476,54.29789229398513,-7.4696944233190665
BXP,2.5441416730042272,4.3133961374179375,-11.59411694964214,25.949787796888945,-29.05319029110122,25.779121659333388,-39.314055908738034,10.050008656226188,9.918699245308705,-5.603584615317584
UDR,0.38258495868434605,8.539890496142103,5.5991336482987615,21.68966504301532,-15.597237285144724,60.82907711290927,-33.49172297204569,2.508502557399313,17.54506963414689,-3.349589631989351
CCI,5.503156921840973,32.23455799117516,1.7146377622332474,36.000739304262225,13.316869388492048,35.26226906835505,-32.65565999041712,-11.074130289877344,-16.819191878040318,13.951080990279996
IRM,28.454716970923972,22.32153678541662,-8.19750699823374,6.622350706938616,0.2398504106760401,85.23942114869286,-0.34419304623156566,45.30307845856052,52.567486119408066,-1.1688846198048097
CPT,19.562481676815395,13.172109650543224,-1.7148103625676945,24.397134709406945,-3.942555728938393,82.92509707282929,-35.62328678681755,-8.24448879397788,20.137051819705672,-0.7909918970413954
ARE,27.93120923830776,20.17194412064546,-10.282795983273731,43.53348704628347,11.042876823930861,28.16036677216885,-32.6853664858557,-9.94402345804068,-20.463278522566284,-23.983605622542516
DOC,-7.906336591773044,-8.192874446192906,13.485255844121669,28.86593280449052,-9.157894249911394,23.673696084664844,-27.605927696025407,-18.76784710621558,7.288161370735182,-11.521813478653222
INVH,,18.435555742622864,-13.435877384146568,52.115225571885226,0.1400951972541561,54.70234775143579,-33.11496763425853,20.65014075479923,-4.027759814130737,4.19824954995842
MAA,12.095189504915222,5.876395584107732,-1.7101719614771458,42.24474903642035,-2.32982624652261,85.46734875018758,-29.74565142884376,-11.309845874020663,19.584564080838142,-2.219935945303899
SUI,16.42057857627242,25.18829981009354,11.611980753454455,50.16761834572151,1.803376474650396,40.80073219573777,-30.313624734093253,-3.805646542567473,-5.985860544800381,7.602259113024578
ESS,0.31557625707397097,6.227175835222791,4.141037266718165,25.575311566722792,-18.85767383765843,51.803974979061664,-37.87628014206156,22.059990926833198,17.70647162198578,1.9218753611450128
AMT,11.986789701706996,36.360029137721725,13.3922810150405,48.254209428220264,-2.249374193835656,31.326367503478437,-25.635168100063165,4.317321832369589,-12.279978538996486,20.212903812833705
EXR,-8.68806122622741,17.814236144062225,6.30420450368249,19.71097868831984,12.233778900013247,100.17856826412826,-32.896714390928075,13.398855294011739,-4.064927111145502,-0.20831775574508574
OHI,-3.722534937048911,-5.578455966103364,40.1417495084534,31.94465854805125,-6.038289109730173,-12.62644869517923,3.219999262069044,20.659675796117337,33.154993852071044,0.38199200226006447
BRX,-1.073422343449261,-19.610754842505564,-15.630347260822425,58.32063573190289,-20.43130601848573,57.845130507225036,-6.863708142785323,6.4768560860936315,23.798978929493796,-4.126717301933169
KRC,22.618774885746312,4.411766501982785,-15.034930594300807,37.29119844995111,-30.506618048017543,19.862373049167005,-39.61343853532104,10.600147375866689,6.339202077943422,-11.323127874548158
NEE,19.604105982324306,34.306042229820086,13.406131469343881,43.111848899570944,28.07432386422693,22.51749783209334,-8.602787444089225,-25.974813576558358,21.96468210619415,-0.5761722746343474
DUK,14.171987726591793,12.91210712599547,6.975613061450295,10.022593086480473,3.547702169291696,18.70125044518413,2.016760802128645,-1.82661600210741,16.150066742165375,9.767160161148713
SO,10.796331507203103,2.4991526496985497,-3.5257413806852758,50.898840444884165,-0.6376015782375557,16.056744241361287,8.367962337316106,2.184618112223034,22.59451793564506,11.551073892097143
D,18.843593832280312,9.941827266311769,-5.426889530224921,20.515991522312984,-6.848126669965867,8.192950569208271,-19.221351331976617,-19.129477182394847,20.895134110544614,5.4214154529159595
EXC,34.12163810725786,14.503499187332913,16.998036628093914,4.536919310678879,-4.921641655468764,39.816146492706935,9.542339667200682,-14.003148012100652,9.646470347022674,15.262084739064433
AEP,12.795936195853667,20.85482738731136,5.931796879733624,30.08282547619351,-10.923819288823228,10.253223723217214,10.803794273950066,-10.929331634266303,18.283798652410272,12.715713207384747
PCG,18.66086394897607,-24.558178226016288,-46.12088448657266,-54.14012521836958,13.10724207967246,-3.2852617875158696,34.82586387751953,12.820894397882409,12.77447283190893,-30.880101843566464
XEL,18.1238016939195,21.79323575127754,5.594641490654926,32.24953906838347,6.019994894026221,5.4238003638952375,6.508329681217777,-8.282323273523577,12.582837780131156,2.427819517396761
ED,19.67796554404899,19.236759781358714,-6.37624388937472,22.38800891021464,-18.50117276621385,22.759525119458946,15.612489733094625,-1.2775767303957484,1.768163931688132,11.303963627906358
SRE,11.147701406430635,9.116587087939076,3.2909585388778813,43.87832438915254,-13.784038930683801,7.116361516597049,20.09956538983606,0.09811789783331275,20.936019795547033,-13.13606892827304
PPL,4.82412032030527,-5.194900013168478,-3.349108485199653,33.01614447184069,-18.93969883755105,12.148420092870987,0.05120833941847211,-4.064682362755743,24.183395243784933,4.68256219359774
ETR,9.519711446213247,14.676731285468122,7.048232266733567,41.59360095247145,-15.384023041884062,11.84130727179102,1.6535516850323184,-6.121031398589408,52.32432550542456,9.725021300107029
FE,2.6214992364136913,3.61359547755948,26.452525352686546,34.40064913219111,-35.20367714716146,41.020887062420556,4.736595722807833,-8.92960485525246,13.431972338616424,1.74060809694461
EIX,26.29103162258132,-9.18505530386349,-6.470609967980004,37.76536667861158,-13.600169255615466,12.663806055655616,-2.707559485543734,16.661118280203052,15.401307661386262,-35.23428306966217
CNP,41.65674062177997,19.198463300143654,2.7535622718170956,-0.4635570915394507,-18.99308326914814,31.848748823281014,9.965125968919912,-1.8233143980794957,14.837237964406338,15.086830515708966
NRG,8.29822824184189,132.5560721451839,35.706211897077225,0.6420120666041487,-5.432552519704193,17.51029977207022,-23.714797688501076,69.05061543336497,83.1095441086683,80.23330725209166
ATO,20.48916575508293,18.10739901402747,9.082169070804014,22.17441647451396,-14.621722969080267,12.481991555860633,9.390464912009229,5.913221513537642,23.295378807452575,9.788807175650163
NI,17.29632935481947,19.12036491632675,2.5672207582823225,12.000127513235672,-16.591833354245537,24.538030070636115,2.7046649167266184,0.18832894268172984,44.338068076993224,9.646453531171458
CMS,19.682947766919504,16.974795520526538,7.438068758977543,29.862320333249258,-2.140679381114554,10.468567453470119,0.28634240429078806,-5.464968553929238,19.03765980519708,4.169797265667445
AES,28.126581786095233,-3.1063562241346543,36.689073370445335,45.06572569075741,17.98977192029085,4.445446246409715,21.139642921417643,-30.97184747713106,-31.19019492179812,-15.056202819224215
PEG,19.04827792770087,21.41389595964351,3.227842701176626,16.8977576334989,0.5965911830173842,17.94039659682951,-5.361034005560455,3.2871706090404027,43.27358241079335,-0.34386021020512075
EVRG,37.77695494028908,-3.692006837756007,10.474063476222982,16.939444519499194,-14.040735693832293,28.002603229365896,-4.86429175754988,-14.298257754974886,23.545437744171764,12.320075828470872
LNT,25.298406613269584,15.894701150507244,1.8612460493143606,32.8802476672413,-4.541378945703747,22.821550022409365,-7.2870572189216904,-3.890153517089607,21.341678770271987,3.481936462474839
UGI,39.10352579178757,3.8317869991305873,13.798702349665442,-13.774929519194092,-20.732626158941674,34.70359507437217,-16.254222076932436,-30.519939172544476,21.62498558439609,29.565923586288147
POR,25.68754799329301,8.507590023850732,3.118984515330427,25.779695667473014,-21.66696483045053,27.728876343562973,-3.889968898103393,-8.167296307310554,5.5930828795207725,-6.105478782354298
IDA,22.294376254539035,16.52336942649627,3.9658807470096797,17.978926606987688,-8.432265263143925,20.571816581977327,-2.2541761751871348,-6.166211203489545,15.618367991505119,5.640852606815863
AD.AS,3.2167340446986574,-5.359149155369109,23.405686494042254,7.439030738932151,8.175986428422036,34.7565105309681,-8.602952424460932,-0.23395745189979622,24.0853407523325,14.681775247052304
WES.AX,7.70758774240586,12.899510488262795,10.184285284025771,37.97007866732861,27.98995144888556,26.341582167553774,-20.341488682845224,28.58666100184489,30.818326574987065,19.70571408628068
SIE.DE,38.528187035005296,3.71854888600027,-13.058116329440525,25.418074550621782,16.42791397741564,31.82458355172557,-12.181472939224864,34.700086335343826,15.438147341996157,20.96025627819281
7011.T,2.5582127976144324,-19.195611478684445,-3.158997493348217,13.618838516240142,-22.966529647396865,-13.696661070711375,98.96948964373836,63.94954809099731,174.14537949381466,60.52863436123348
VOLV-B.ST,41.22758038058451,47.80658239708212,-21.753935648656388,40.483483182496244,23.125808210661077,15.651916124650308,-6.53022868971676,42.82495611020372,6.040536883415434,2.8541344518335605
KNEBV.HE,11.488423514855338,9.196535936768687,-3.6918881447456844,45.79505426396837,17.65021218103073,-3.1923800086742595,-20.75032906723774,-3.90558322433323,8.28816338625122,23.316078900613725
E,16.62330896250668,6.9894332290128505,-1.2934712411403169,6.114147573006063,-28.4548651606422,39.268490559848196,9.303772331131906,24.722422733352563,-14.37912067434606,20.02682370243475
SAN,13.715604134279324,28.90358067245299,-29.255904153564693,-0.7766226558924682,-27.570103025997273,7.322205669678969,-7.186811860344457,43.75323573963549,13.722574380180097,84.34004827469748
INGA.AS,15.98543288908177,20.352920444006838,-36.171496633260055,23.010460750623896,-28.308566754254898,66.81260365850898,0.9499462411443548,25.75954407577305,19.542007123402406,30.479587568306094
MQG.AX,11.753434483714283,20.012570039314053,14.580115806529776,34.812728870026554,5.1884937082046045,54.99302255139399,-16.29734535470957,13.919255627355268,26.018970769420264,2.1918113938988837
TD,32.78156724494441,22.356384295408915,-12.801564433236301,18.067004618449857,5.353308888114365,39.68456392718218,-12.481191073458294,4.382447641836581,-12.881172355743656,37.95826243217028
URW.AS,,,,,,,,,,
VNA.DE,11.590534180498118,37.3625609400137,-4.694268625029899,21.457498812393645,25.440809576043666,-14.002220123898102,-44.79937481558631,28.34634057164438,6.68077688109011,2.319237081355836
9CI.SI,,,,,,15.254230144820758,11.48666874673347,-9.422341757472948,-12.177314772945465,4.6816792985825515
ENEL.MI,12.760992765494294,28.04209488376344,3.049666316313053,48.90725309072552,20.31454506209322,-11.903589629124477,-23.95141901987598,42.098287896809445,8.77439578183754,20.243183784241776
IBE.MC,0.7615784062478947,9.311984297466164,11.663764867815383,39.63115122007326,32.77036419069277,-8.390256296291415,10.037998092552968,12.946363278761291,15.355336727722197,24.554131867147607
FORTUM.HE,14.314616463396737,22.215406406777685,22.846765969305086,22.376467972547655,-3.802333439147175,42.57389733168646,-38.29432632773611,-10.475702512422329,12.454327953647319,20.923563820358286
EOAN.DE,-9.90315887463778,38.77450352396613,-2.0081334134336624,16.4427288609689,-0.5600437471268384,39.89722836817635,-19.52723934544845,35.41968948718218,-3.7955601000279846,38.33922499637738
017670.KQ,4.428911991806179,19.19645570357563,0.9363329392482996,-11.028038212922677,-0.20964353667931088,10.768631544479977,-11.436742134665948,13.625725701982885,16.525153900441808,5.571759402422267
RCI,17.70474947322447,35.89265835145433,3.74827423991659,-0.28231029205662017,-3.852216574703507,4.375031709589802,1.5214765977857856,3.6394713507321033,-32.514310494021395,-5.737440634933785
TLS.AX,-3.603676360056498,-23.66463994899225,-20.591154735107875,32.45393492582748,-13.12388347586799,43.295086628786486,-2.5196629887188453,3.7669732056478793,6.340265403883481,23.316124570277292
ADS.DE,72.83118169342619,12.88059548167787,10.634713332152717,60.46896925602779,3.0082837124019868,-14.707040588079462,-48.954611366952555,44.09734173405747,28.94786130060303,-14.608033314792223
HM-B.ST,-12.12087808144509,-29.818690887491435,-20.594651613267395,60.398595593605556,-9.454620979381174,7.313481055469792,-33.53390385579509,62.276199074985186,-12.610521517447543,-8.942257089044741
9983.T,0.6565894496770911,6.842622602325493,26.69473141507201,21.176628525602183,46.13400001692305,-30.11153391620344,24.710335866357944,33.236292848852436,57.67071959015182,-7.904101891740026
ROG.SW,-12.42034492539938,8.20013015066235,1.0743913340301867,33.07963408466725,2.208250260653288,24.948668170507876,-21.512858850916007,-12.559120150735852,6.845945776026667,4.627036386010845
4502.T,-16.538894585250812,35.206645217702075,-40.04549148018072,24.902143721304338,-8.190316127157354,-12.86283734745122,35.40659961335969,3.9845390821607887,6.307557829584684,6.715203361205995
UCB.BR,-23.557673511901026,10.683047835900362,9.550968346896356,3.110242514904073,21.73980374211506,21.06166391110202,-26.593180854741544,8.569680815111083,139.71291268670493,-9.353290442676055
005930.KQ,45.33984905209223,44.20234169684765,-22.270339743275493,45.82728194972899,52.66475212279841,-1.567747205940053,-28.093805896171926,44.398542045419305,-30.4995039232163,16.055464772509353
6861.T,21.429381013937636,56.241791255752474,-11.578958769563249,44.42747349612448,51.47651482096459,24.497559741137195,-29.222795441270748,23.78441542829047,5.319323053646302,-9.192754746143168
TCS.NS,-1.249517297075661,16.38582275531949,43.47881289615667,16.885608027269207,36.7639189284246,31.062020757838148,-11.957594446222556,18.080085943477226,11.569984500172806,-15.006860452271706
TECK,450.05712558386017,30.226286813497133,-19.522075775215008,-16.119840084137014,5.985883796097396,53.60789220282866,32.24825641696718,13.753241993072413,-1.5471058690535877,-1.0587809380397162
YAR.OL,-5.801779312080197,14.361236851756173,-9.897069671792908,12.42743429379989,6.269375283837634,36.311055722471124,4.290042510215584,-2.219616868375521,-15.857387586504665,23.826710742502716
WDS.AX,8.495834141902654,4.8494335652282885,0.3486436119723444,17.242499397814193,-29.60827349664995,-0.1884926598869866,76.62389918162367,-12.875180542712089,-21.21700021216644,-3.8118432273885983
NESTE.HE,31.768979096809286,46.92920715495944,26.90279240073949,42.34313152804871,95.0914710491476,-26.189832977275795,0.7797325012799786,-24.843412401814998,-60.46335195612053,-4.454162902689544
017670.KQ,4.428933272705792,19.196445830974426,0.9363245318331027,-11.028039259589415,-0.20966192293382382,10.768641880371357,-11.436726127248088,13.625736646020437,16.525153900441808,5.571759402422267
RCI,17.70477540148431,35.8926202292767,3.7482359233022593,-0.2823192474872069,-3.8522254780047978,4.3750404865018595,1.5214942854434876,3.6394803146451027,-32.514316178063126,-5.737440634933785
TLS.AX,-3.6037127688084127,-23.664623932679344,-20.591152985810098,32.45394170235444,-13.123890463194732,43.29509593865028,-2.519656685449548,3.7669799032607303,6.340265403883481,23.316124570277292
RELIANCE.NS,7.1895438574316515,69.93543543664723,21.9843910725154,37.231722131148125,33.24194979522157,18.667002091636608,7.704007095950654,10.215290838507213,-6.1672954785995335,24.73968431230909
STC,29.056271301183372,-6.341208064774477,-0.23131498238166884,3.293382618985494,21.98947882735316,68.85814820241269,-44.82202318189708,42.1190050898715,20.193343884417626,-1.9296917243857883
BCE,18.86269653107633,16.535829365948253,-14.275767338136813,22.255191865637023,-2.0787001719255684,26.65487166695315,-11.801198551614535,-3.717783295537565,-37.06010631152838,-2.173347069961359
ORA.PA,-0.7610910828769666,5.071014877514882,1.6593421583854813,-1.9714293195679922,-21.75971770096716,1.0061452826149209,5.219177494959453,18.20418691883674,-0.5109004973303922,36.93138362600011
9984.T,29.26545775785021,14.22473362960691,-17.72081455148008,36.74816417412127,73.53990982807343,-32.531770014821525,2.135464249333126,14.158841072447393,52.818252148533126,8.696853365394139
9432.T,5.461724468880803,10.546356532365875,-12.737912036281083,27.728622159136112,-0.15150419731488546,22.325422391273918,22.59824987691949,17.83135551294919,-4.134739171679473,-3.417039469627805
DTE.DE,3.463484716015349,-5.736805299046948,4.889144515732839,3.512394193495753,2.4455352742508913,11.836988965657238,18.073609656041317,19.710533128964897,37.04361599717193,10.720818187287428
ADS.DE,72.83116259285843,12.88058440058325,10.634712288179976,60.46896925602779,3.0082837124019868,-14.707031367311687,-48.95460514133081,44.09734173405747,28.94786130060303,-14.608033314792223
HM-B.ST,-12.120884459978889,-29.81869524751108,-20.594672660463726,60.39854252277126,-9.454619919298148,7.313470244135109,-33.53390385579509,62.27618721095196,-12.610521517447543,-8.942257089044741
9983.T,0.656543206594015,6.842637744213713,26.694767854558293,21.176639905422523,46.1339904476873,-30.11153391620344,24.71032428468774,33.236292848852436,57.67071959015182,-7.904101891740026
ITX.MC,4.924409769834885,-9.035606365895868,-20.942378804079816,46.787295476109605,-15.527558198014196,9.987878240842704,-10.08179200899689,61.47719183111094,27.93742762420474,-9.78492510799263
RACE,24.509411978728075,78.9349564728937,-4.817107458015616,69.91168935462207,38.553176949077034,11.411073818112817,-16.863239832456546,57.32877574997003,27.749599448166524,16.670233684626602
MC.PA,30.025227480668143,37.936754085873126,4.934023274533054,65.99944478796792,24.060102702894216,42.94417073611096,-5.66543387811919,8.093898671723364,-13.347022907453127,-28.493819604504772
7269.T,13.719710998156229,56.721915834107484,-13.678746286701445,-13.577311247771052,6.723643272068057,-6.926748258782624,-2.3473258215674946,46.791480134788145,21.294349787013036,-7.864281956864808
1810.HK,,,-22.048197090236318,-18.027729440970496,203.4070147753662,-44.52380882098828,-42.66247576452641,42.59598701852194,120.83333282389195,69.39655763026616
600519.SS,56.59000308884081,111.80700339502782,-14.516841304485837,97.2785993139341,73.36701493529972,5.2479773620174655,-13.9720939384569,2.3982293313969962,-7.817455127219564,-6.1244897563872165
OR.PA,15.832740641011526,9.06131139059974,9.212576727146798,34.38431162388838,20.10503417728317,34.92918449791284,-20.4226009620623,35.94860306195883,-24.381646752580977,5.773155950584885
ABI.BR,-9.336467494165735,-3.7373907025288586,-36.04317286492274,31.557499931874123,-20.571696841714417,-7.247035521768577,5.398135097757581,4.505274938992152,-17.006380656039823,23.522239529618783
9633.HK,,,,,37.814067913797,-6.26540797210926,-13.016538827887139,6.982586900871188,-24.161787645884917,21.58476469550681
AD.AS,3.216720438246407,-5.35916179705759,23.405645504871497,7.43901886785748,8.175996064536458,34.75648822963816,-8.602965420253103,-0.23395745189979622,24.0853407523325,14.681775247052304
WES.AX,7.707618155943724,12.899519845129992,10.184267865339288,37.970063333488106,27.989940055453673,26.341575373191013,-20.341494366340086,28.586649331746784,30.81833562127201,19.70571408628068
BN.PA,0.8079433952710355,19.49059409185127,-10.573254834484075,24.140904880670146,-24.39483278700147,4.340352926130862,-7.13715539734029,22.649228333487844,13.247619192328914,9.996809573872783
2503.T,17.777389132733063,51.069035659851124,-17.410808614997045,8.943333913720569,6.190977171579994,-21.50860686381014,11.857174764900337,7.866467393801595,2.7269023219628696,0.14586376022384864
2222.SR,,,,-0.14205671453840876,-0.5673775785882007,2.285718882353318,-1.2307739968168272,15.182011260335809,-12.642786843024792,-11.144689000434434
0883.HK,22.900140130458883,22.032923243238585,11.66754297913796,12.53249886621112,-40.414977201137106,21.842584856369218,46.98132410332712,44.60953722870618,54.81093312213993,-3.184919295802102
WDS.AX,8.495816159030518,4.849441150634264,0.34865123369144707,17.242505427429105,-29.608270872761604,-0.1884926598869866,76.62391560813693,-12.875180542712089,-21.21700021216644,-3.8118432273885983
NESTE.HE,31.76897487721064,46.929220757217124,26.902771236917378,42.34313152804871,95.09145704833871,-26.189845741800248,0.7797226214913368,-24.843405275792875,-60.463349437476396,-4.454162902689544
GLEN.L,213.3899334125002,39.14200374417747,-25.58835257150964,-15.973722312551816,0.021139670217853467,58.92947723090081,45.02639255541023,-15.346790993514986,-25.823322686138745,-19.691873331363794
RIO.L,61.23360953394415,24.475597668473792,-4.534983300597509,23.51942617903632,22.722813795471655,-12.176545933460384,17.935976598914387,0.4716560068452065,-20.514283552824292,-10.222268819459005
BASFY,31.48839307690877,24.702596618373775,-34.234456655035274,13.215538968002019,10.753315363751542,-9.237563557401195,-25.352740160291383,10.970134212251098,-11.859241032314213,14.533822793183163
AAL.L,296.78467035098765,32.89022296157345,12.520837027201868,26.588917002429035,11.912940827111635,22.39177975144468,6.9740543634534555,-39.01903016793373,17.741923748453544,-8.096119579723537
CFR.SW,-1.5401462571921871,32.10262609385859,-27.015111498506933,25.906099006502885,7.030019486027197,72.10597838009681,-12.633860402134925,-3.3807686197976685,22.988191806418058,8.09540762857804
YAR.OL,-5.801765206907601,14.361213844894118,-9.897088376734796,12.427418379362864,6.269354321103784,36.311068073911855,4.2900514114099355,-2.2196086562823525,-15.857387586504665,23.826710742502716
2010.SR,28.371000585692308,15.752709376912616,18.50372644756782,-16.383201836648258,13.893010865320326,17.529522993148266,-19.80811180020961,-3.1914522913610006,-16.467032165967744,-15.952310455672256
HDFCBANK.NS,12.352184610664112,55.842877931996235,14.084435909881412,21.541650164502997,12.256090654791892,1.932309028783394,10.914510510819698,6.260073839305975,5.637641409669154,14.86459714949807
CBA.AX,2.07611357976263,2.7189373066907834,-5.149510002132993,18.687367084694767,8.647152485068686,29.080790883461578,4.553252833663891,12.66874393600215,43.8222734171312,22.64987635468661
0388.HK,-4.814481917989664,33.19400625595523,-4.334363637031391,15.085179731983592,71.45016399872888,8.971889161549777,-24.716646705137876,-16.778818581708233,13.752760286782625,45.4974587845007
SAN,13.715572766428261,28.903595924040467,-29.255903367556368,-0.7766290312641245,-27.57009662116619,7.322214455793598,-7.186811860344457,43.753244387010504,13.722574380180097,84.34004827469748
INGA.AS,15.985403630334408,20.352932170682106,-36.17150633063918,23.010494787305294,-28.308545716801888,66.81262081564834,0.949966727753436,25.759556520091465,19.542007123402406,30.479587568306094
MQG.AX,11.753427636994457,20.012596825750443,14.58008063037313,34.812728870026554,5.188507161043468,54.99303552067703,-16.297367481017435,13.91924406052536,26.01898172280737,2.1918113938988837
UBS,-12.32850931390021,17.41660643045092,-32.97296396680148,8.291223170089953,17.795156452130264,27.005870434470232,6.738086490437935,66.72564698109808,2.6227057047501443,10.181213200662311
ROG.SW,-12.420345866898572,8.200157736543632,1.0743993926588253,33.07963959748636,2.2082501555135208,24.948668170507876,-21.512875293924317,-12.559120150735852,6.845938811038654,4.627036386010845
NVO,-36.24652107690666,52.65092986875878,-13.890079839004562,28.202513695541388,21.33103437054527,59.65233968690898,25.28626843443164,52.663141852856654,-14.785432293163234,-20.812215300367683
SNY,-0.32854946395914036,9.492094492641643,5.008303995559666,22.07451012108424,-0.8416467887151393,7.309970273236709,-0.680694853643758,6.611605839071635,1.9344743211947075,3.4154774594195114
AZN,-14.684409677415742,32.225281195539495,11.49798603936961,37.0255293468332,2.6081105252197383,17.984504114221707,19.114772934009885,0.183810903563024,0.21951947292042168,7.3287680658937235
4502.T,-16.538894585250812,35.20663086389524,-40.045502096381085,24.902132692802134,-8.19033694943292,-12.862829412756897,35.40660856524365,3.9845390821607887,6.307557829584684,6.715203361205995
UCB.BR,-23.557656984623726,10.683041365300033,9.550969505481715,3.1102302185278123,21.73980374211506,21.061652529981313,-26.593186783373827,8.569692341982925,139.71288911291262,-9.353290442676055
005930.KQ,45.33983460900086,44.20232615189614,-22.27037071624461,45.8272295506126,52.66476074508131,-1.567747205940053,-28.093805896171926,44.39855270822984,-30.499496913175456,16.055464772509353
2330.TW,32.363219966927225,30.661152891438263,0.9583768437089935,54.87017449684905,62.377970305257016,18.069958763010177,-25.944359976834203,34.39983113692861,84.7457627118644,0.9345794392523363
ASML,30.06509743125659,58.17778838880694,-10.150624399592344,94.21674150362004,64.07244163020533,60.92963822826679,-30.48768589374553,36.19379662678042,-3.8714574742923986,13.435113550047742
ARM,,,,,,,,33.948304254822325,71.30612743144133,32.373297394396566
6861.T,21.429381013937636,56.24175019500897,-11.578964403067719,44.427477334464676,51.47653552765613,24.497568330757368,-29.22279326961551,23.784425131551647,5.319323053646302,-9.192754746143168
TCS.NS,-1.249470723452056,16.385834569697348,43.4788482119804,16.885611547272603,36.76388985818319,31.061985691226866,-11.957589420096303,18.08010157184191,11.569997747438814,-15.006860452271706
0823.HK,14.356896474785344,48.473832233116696,12.785279610504011,6.908328990897219,-9.258083141765633,1.102791452006055,-12.418983748526843,-16.32678362728775,-19.06321002949907,33.935598240330485
600900.SS,-2.498447828413951,29.10335479631539,5.266567920557887,20.883448594209497,6.829343414547176,22.11127219918245,-4.740228570668086,15.820125120291491,29.39014656679723,3.166134462151667
TAQA.AD,,,,,,,,,,
